City,Spot Name,Rating,Review Text
Mumbai,Gateway of India,4.6,"A magnificent monument steeped in history. The architecture is stunning, and the vibe of the surrounding area adds to the experience. A must-visit!"
Mumbai,Marine Drive,4.7,"A peaceful promenade with stunning views of the Arabian Sea. The sunset view is breathtaking, making it a perfect spot for evening relaxation."
Mumbai,Elephanta Caves,4.4,"A historical treasure showcasing intricate rock carvings. The ferry ride adds charm to the journey, offering a glimpse into the past."
Mumbai,Chhatrapati Shivaji Maharaj Terminus,4.5,"An architectural marvel blending Gothic and Indian styles. The station’s grandeur is a testament to Mumbai's vibrant history."
Mumbai,Haji Ali Dargah,4.4,"A serene and iconic religious site located on an islet. The atmosphere is peaceful, and the view of the sea is mesmerizing."
Mumbai,Siddhivinayak Temple,4.7,"A highly revered temple with a calming spiritual aura. The intricate idol of Lord Ganesha draws devotees from all over the country."
Mumbai,Juhu Beach,4.3,"A lively beach perfect for family outings. The local street food stalls add flavor to the experience, especially the famous pav bhaji."
Mumbai,Sanjay Gandhi National Park,4.5,"A green haven in the bustling city. Ideal for nature walks, wildlife spotting, and a visit to the ancient Kanheri Caves."
Mumbai,Colaba Causeway,4.4,"A vibrant shopping street with a mix of trendy and traditional items. Perfect for bargain hunters and exploring local culture."
Mumbai,Nehru Planetarium,4.3,"A great place for science enthusiasts and stargazers. The interactive exhibits and shows are highly engaging for all age groups."
Jaipur,Hawa Mahal,4.5,"An iconic palace with intricate latticework. The history and architecture are fascinating, making it a photographer’s delight."
Jaipur,Amer Fort,4.8,"A majestic fort with stunning views and rich history. The light and sound show beautifully narrates its glorious past."
Jaipur,City Palace,4.6,"A grand complex showcasing royal artifacts and architecture. The blend of Mughal and Rajasthani design is truly captivating."
Jaipur,Jantar Mantar,4.6,"An astronomical wonder with massive instruments. A perfect spot for history buffs and science enthusiasts."
Jaipur,Jal Mahal,4.4,"A serene and picturesque palace in the middle of a lake. Ideal for photography and quiet contemplation."
Jaipur,Nahargarh Fort,4.6,"Offers panoramic views of Jaipur along with an intriguing history. A popular spot for sunset lovers and explorers."
Jaipur,Albert Hall Museum,4.5,"A treasure trove of art and history. The museum’s collection includes exquisite artifacts from various eras."
Jaipur,Galtaji Temple,4.3,"A unique temple complex nestled in the hills. The natural springs and resident monkeys make the visit memorable."
Jaipur,Birla Mandir,4.6,"A modern temple built with pristine white marble. The peaceful ambiance and intricate carvings are captivating."
Jaipur,Panna Meena Ka Kund,4.5,"A beautifully designed stepwell with a rich historical background. The symmetry and structure are a visual treat."
New Delhi,India Gate,4.7,"A war memorial that stands tall as a symbol of sacrifice. The surrounding lawns are great for a relaxed evening."
New Delhi,Qutub Minar,4.5,"An architectural marvel that reflects the grandeur of the Mughal era. The intricate carvings are awe-inspiring."
New Delhi,Red Fort,4.4,"A historic site with immense cultural significance. The sound and light show brings its history to life."
New Delhi,Lotus Temple,4.6,"A serene and modern architectural masterpiece. The tranquil environment is perfect for meditation and reflection."
New Delhi,Humayun's Tomb,4.6,"A stunning example of Mughal architecture. The gardens are well-maintained, adding to the monument’s charm."
New Delhi,Akshardham Temple,4.7,"A grand temple showcasing intricate carvings and spiritual significance. The cultural shows are highly recommended."
New Delhi,National Museum,4.5,"A repository of India’s rich heritage. The diverse collection of artifacts is a treat for history enthusiasts."
New Delhi,Rajpath,4.4,"A ceremonial boulevard flanked by historic landmarks. The atmosphere is vibrant, especially during the Republic Day parade."
New Delhi,Jantar Mantar,4.3,"An intriguing historical observatory. The instruments are fascinating but require guided explanations to fully appreciate."
New Delhi,Lodi Gardens,4.6,"A peaceful park with historical tombs and lush greenery. Ideal for morning walks, picnics, and photography."
Chennai,Marina Beach,4.7,"A sprawling beach offering mesmerizing views and vibrant local culture. Perfect for a refreshing stroll or an early morning jog."
Chennai,Kapaleeshwarar Temple,4.6,"An ancient temple with intricate Dravidian architecture. The spiritual ambiance is truly uplifting."
Chennai,Fort St. George,4.4,"A historical landmark that offers a glimpse into colonial history. The museum is informative and well-maintained."
Chennai,Guindy National Park,4.5,"A serene wildlife sanctuary in the heart of the city. A perfect escape for nature lovers and families."
Chennai,Santhome Cathedral Basilica,4.6,"A majestic church with stunning architecture and serene interiors. A significant religious and historical site."
Chennai,Elliot's Beach,4.5,"A quieter alternative to Marina Beach, ideal for relaxation. The cafes nearby add to the charm."
Chennai,Valluvar Kottam,4.4,"A unique monument honoring the Tamil poet Thiruvalluvar. The structure and inscriptions are captivating."
Chennai,Arignar Anna Zoological Park,4.6,"A well-maintained zoo with a variety of animals. Great for family outings and educational trips."
Chennai,Semmozhi Poonga,4.5,"A lush botanical garden with diverse flora. Ideal for nature enthusiasts and a tranquil escape."
Chennai,Theosophical Society,4.6,"A serene retreat with ancient trees and peaceful surroundings. Great for a quiet walk."
Chennai,DakshinaChitra,4.7,"A cultural village showcasing South Indian heritage. The art, crafts, and performances are engaging."
Kolkata,Victoria Memorial,4.7,"A grand structure surrounded by lush gardens. The museum offers a deep dive into colonial history."
Kolkata,Howrah Bridge,4.6,"An iconic symbol of Kolkata. The engineering marvel is best experienced during sunrise or sunset."
Kolkata,Dakshineswar Kali Temple,4.6,"A revered temple on the Ganges. The spiritual aura is unmatched, attracting devotees year-round."
Kolkata,Indian Museum,4.5,"India’s oldest museum with a vast collection of artifacts. A must-visit for history buffs."
Kolkata,Belur Math,4.7,"A tranquil place on the banks of the Ganges. The architecture and serene ambiance are captivating."
Kolkata,Science City,4.5,"A fun and educational spot with interactive exhibits. Perfect for families and kids."
Kolkata,Eden Gardens,4.4,"A paradise for cricket lovers. The stadium’s history and vibe are electrifying during matches."
Kolkata,Marble Palace,4.3,"A hidden gem with exquisite marble sculptures. The heritage and art are awe-inspiring."
Kolkata,Birla Planetarium,4.5,"An engaging experience for astronomy enthusiasts. The shows are informative and visually appealing."
Kolkata,Prinsep Ghat,4.6,"A picturesque riverside spot with a historic vibe. Ideal for photography and evening strolls."
Kolkata,St. Paul's Cathedral,4.5,"A majestic cathedral with serene interiors. The stained glass windows are particularly beautiful."
Kolkata,Mother House,4.6,"The resting place of Mother Teresa. A place of peace and inspiration, reflecting her legacy."
Kolkata,Nicco Park,4.4,"An entertaining amusement park with rides and activities for all ages. A great day out with family."
Kolkata,Kalighat Temple,4.5,"An ancient and revered temple dedicated to Goddess Kali. The energy here is deeply spiritual."
Hyderabad,Charminar,4.7,"The heart of Hyderabad! A stunning historical monument surrounded by vibrant bazaars."
Hyderabad,Golconda Fort,4.6,"An architectural masterpiece with a rich history. The sound and light show is a must-watch."
Hyderabad,Ramoji Film City,4.8,"The world’s largest film studio complex. A magical experience for movie enthusiasts."
Hyderabad,Hussain Sagar Lake,4.6,"A peaceful lake with the iconic Buddha statue. Perfect for an evening boat ride."
Hyderabad,Salar Jung Museum,4.5,"A treasure trove of art and artifacts. The collection is vast and fascinating."
Hyderabad,Birla Mandir,4.7,"A pristine temple made of white marble. The view of the city from the top is breathtaking."
Hyderabad,Chowmahalla Palace,4.5,"A regal palace with exquisite architecture. A glimpse into the Nizam’s lifestyle."
Hyderabad,Nehru Zoological Park,4.4,"A well-maintained zoo with diverse wildlife. A great outing for families and kids."
Hyderabad,Shilparamam,4.6,"A cultural hub showcasing traditional crafts and art. The village ambiance is charming."
Hyderabad,Lumbini Park,4.5,"A serene park with a beautiful musical fountain show. A relaxing spot in the city."
Ahmedabad,Sabarmati Ashram,4.8,"A place of immense historical significance. The simplicity and message of Mahatma Gandhi are moving."
Ahmedabad,Kankaria Lake,4.7,"A lively spot with attractions like toy train rides and a zoo. Perfect for an outing."
Ahmedabad,Adalaj Stepwell,4.6,"An architectural marvel with intricate carvings. A glimpse into Gujarat’s heritage."
Ahmedabad,Sidi Saiyyed Mosque,4.5,"Known for its iconic stone lattice windows. A symbol of exquisite craftsmanship."
Ahmedabad,Jama Masjid,4.4,"A serene mosque with elegant architecture. A peaceful place to visit in the city."
Ahmedabad,Science City,4.6,"An educational and entertaining destination with interactive exhibits. Great for kids."
Ahmedabad,Auto World Vintage Car Museum,4.5,"A paradise for car enthusiasts. The vintage collection is impressive and well-maintained."
Ahmedabad,Sarkhej Roza,4.5,"A tranquil site with stunning Indo-Islamic architecture. A blend of history and spirituality."
Ahmedabad,Law Garden,4.4,"A vibrant area with local handicraft shops. Perfect for an evening stroll and shopping."
Ahmedabad,Akshardham Temple,4.7,"A magnificent temple with intricate carvings. The spiritual vibe is uplifting."
Pune,Shaniwar Wada,4.6,"A historical fortress with fascinating tales of Maratha empire. The light and sound show is captivating."
Pune,Aga Khan Palace,4.7,"A serene palace with deep historical significance. The Gandhi memorial is touching."
Pune,Sinhagad Fort,4.7,"A trekker’s delight with breathtaking views and historical importance. The fresh air is rejuvenating."
Pune,Dagdusheth Halwai Ganpati Temple,4.8,"A divine experience with a beautifully adorned Ganpati idol. The energy here is incredible."
Pune,Parvati Hill,4.5,"A tranquil spot with a temple and panoramic views of Pune. Perfect for a peaceful outing."
Pune,Rajiv Gandhi Zoological Park,4.6,"A well-maintained zoo with a diverse range of animals. Great for family visits."
Pune,Osho Ashram,4.5,"A serene retreat offering spiritual solace. The gardens are beautifully maintained."
Pune,Mulshi Dam,4.6,"A scenic spot surrounded by lush greenery. Ideal for picnics and nature lovers."
Pune,Pashan Lake,4.4,"A peaceful lake ideal for bird watching. A serene escape within the city."
Pune,FC Road,4.5,"A bustling street with trendy shops and eateries. A haven for foodies and shoppers."
Goa,Baga Beach,4.8,"A lively beach with water sports and vibrant nightlife. A must-visit in Goa."
Goa,Calangute Beach,4.7,"A popular beach known for its energetic vibe and scenic beauty. Great for water activities."
Goa,Basilica of Bom Jesus,4.8,"A UNESCO World Heritage Site with magnificent Baroque architecture. A spiritual and historical landmark."
Goa,Fort Aguada,4.6,"A historic fort with panoramic views of the sea. A perfect spot for photography."
Goa,Chapora Fort,4.5,"A serene spot with stunning views. A popular location from Bollywood movies."
Goa,Dudhsagar Falls,4.9,"A breathtaking waterfall amidst lush greenery. A natural wonder that is worth the visit."
Goa,Anjuna Beach,4.6,"A serene beach with a relaxed vibe. The weekly flea market is a unique attraction."
Goa,Candolim Beach,4.6,"A clean and quiet beach, perfect for relaxation. Great for long walks along the shore."
Goa,Vagator Beach,4.5,"A picturesque beach with red cliffs and stunning sunsets. A hidden gem in Goa."
Goa,Palolem Beach,4.7,"A serene beach with crystal-clear waters and charming beach huts. Ideal for a tranquil getaway."
Pune,shaniwar wada,5.0,best spot to visit in pune
